-- 1. Inserir Usuários
INSERT INTO tbl_usuarios (id, username, email, password, tipo) VALUES
(1, 'gabriel_fps', 'gabriel@email.com', '123456', 'usuario'),
(2, 'mariana_gamer', 'mariana@email.com', '123456', 'usuario'),
(3, 'rodrigo_k', 'rodrigo@email.com', '123456', 'usuario'),
(4, 'lucas_player', 'lucas.player@email.com', '123456', 'usuario'),
(5, 'ana_rpg', 'ana.rpg@email.com', '123456', 'usuario'),
(6, 'pedro_arcade', 'pedro.arcade@email.com', '123456', 'usuario'),
(7, 'julia_games', 'julia.games@email.com', '123456', 'usuario'),
(8, 'rafael_x', 'rafael.x@email.com', '123456', 'usuario'),
(9, 'beatriz_indie', 'beatriz.indie@email.com', '123456', 'usuario'),
(10, 'carlos_speed', 'carlos.speed@email.com', '123456', 'usuario'),
(11, 'fernanda_quest', 'fernanda.quest@email.com', '123456', 'usuario'),
(12, 'diego_pixel', 'diego.pixel@email.com', '123456', 'usuario'),
(13, 'aline_gamer', 'aline.gamer@email.com', '123456', 'usuario'),
(14, 'gustavo_play', 'gustavo.play@email.com', '123456', 'usuario'),
(15, 'camila_runner', 'camila.runner@email.com', '123456', 'usuario'),
(16, 'vinicius_combo', 'vinicius.combo@email.com', '123456', 'usuario'),
(17, 'isabela_xp', 'isabela.xp@email.com', '123456', 'usuario'),
(18, 'felipe_indie', 'felipe.indie@email.com', '123456', 'usuario'),
(19, 'laura_gg', 'laura.gg@email.com', '123456', 'usuario'),
(20, 'thiago_boss', 'thiago.boss@email.com', '123456', 'usuario'),
(21, 'bruno_knight', 'bruno.knight@email.com', '123456', 'usuario'),
(22, 'leticia_luna', 'leticia.luna@email.com', '123456', 'usuario'),
(23, 'matheus_hero', 'matheus.hero@email.com', '123456', 'usuario'),
(24, 'sophia_magic', 'sophia.magic@email.com', '123456', 'usuario'),
(25, 'joao_dragon', 'joao.dragon@email.com', '123456', 'usuario');

INSERT INTO tbl_usuarios (id, username, email, password, tipo) VALUES
(26, 'clara_shadow', 'clara.shadow@email.com', '123456', 'usuario'),
(27, 'igor_fire', 'igor.fire@email.com', '123456', 'usuario'),
(28, 'manuela_frost', 'manuela.frost@email.com', '123456', 'usuario'),
(29, 'renan_blade', 'renan.blade@email.com', '123456', 'usuario'),
(30, 'bianca_star', 'bianca.star@email.com', '123456', 'usuario'),
(31, 'henrique_void', 'henrique.void@email.com', '123456', 'usuario'),
(32, 'valentina_sky', 'valentina.sky@email.com', '123456', 'usuario'),
(33, 'andre_dash', 'andre.dash@email.com', '123456', 'usuario'),
(34, 'yasmin_wave', 'yasmin.wave@email.com', '123456', 'usuario'),
(35, 'caio_alpha', 'caio.alpha@email.com', '123456', 'usuario'),
(36, 'natalia_beta', 'natalia.beta@email.com', '123456', 'usuario'),
(37, 'eduardo_gamma', 'eduardo.gamma@email.com', '123456', 'usuario'),
(38, 'heloisa_delta', 'heloisa.delta@email.com', '123456', 'usuario'),
(39, 'leonardo_omega', 'leonardo.omega@email.com', '123456', 'usuario'),
(40, 'alice_fox', 'alice.fox@email.com', '123456', 'usuario'),
(41, 'murilo_wolf', 'murilo.wolf@email.com', '123456', 'usuario'),
(42, 'carolina_cat', 'carolina.cat@email.com', '123456', 'usuario'),
(43, 'enzo_bird', 'enzo.bird@email.com', '123456', 'usuario'),
(44, 'lorena_raven', 'lorena.raven@email.com', '123456', 'usuario'),
(45, 'davi_tiger', 'davi.tiger@email.com', '123456', 'usuario'),
(46, 'marina_snake', 'marina.snake@email.com', '123456', 'usuario'),
(47, 'arthur_hawk', 'arthur.hawk@email.com', '123456', 'usuario'),
(48, 'gabriela_light', 'gabriela.light@email.com', '123456', 'usuario'),
(49, 'otavio_dark', 'otavio.dark@email.com', '123456', 'usuario'),
(50, 'amanda_spark', 'amanda.spark@email.com', '123456', 'usuario');

INSERT INTO tbl_usuarios (id, username, email, password, tipo) VALUES
(51, 'kevin_jump', 'kevin.jump@email.com', '123456', 'usuario'),
(52, 'luiza_dream', 'luiza.dream@email.com', '123456', 'usuario'),
(53, 'samuel_code', 'samuel.code@email.com', '123456', 'usuario'),
(54, 'victoria_moon', 'victoria.moon@email.com', '123456', 'usuario'),
(55, 'guilherme_sun', 'guilherme.sun@email.com', '123456', 'usuario'),
(56, 'rebeca_cloud', 'rebeca.cloud@email.com', '123456', 'usuario'),
(57, 'daniel_storm', 'daniel.storm@email.com', '123456', 'usuario'),
(58, 'brenda_flash', 'brenda.flash@email.com', '123456', 'usuario'),
(59, 'mateus_bolt', 'mateus.bolt@email.com', '123456', 'usuario'),
(60, 'juliana_core', 'juliana.core@email.com', '123456', 'usuario'),
(61, 'vincent_arc', 'vincent.arc@email.com', '123456', 'usuario'),
(62, 'nicole_ray', 'nicole.ray@email.com', '123456', 'usuario'),
(63, 'patrick_byte', 'patrick.byte@email.com', '123456', 'usuario'),
(64, 'evelyn_loop', 'evelyn.loop@email.com', '123456', 'usuario'),
(65, 'roger_nova', 'roger.nova@email.com', '123456', 'usuario'),
(66, 'paula_echo', 'paula.echo@email.com', '123456', 'usuario'),
(67, 'marcos_zen', 'marcos.zen@email.com', '123456', 'usuario'),
(68, 'taina_orbit', 'taina.orbit@email.com', '123456', 'usuario'),
(69, 'alex_prime', 'alex.prime@email.com', '123456', 'usuario'),
(70, 'luana_shift', 'luana.shift@email.com', '123456', 'usuario'),
(71, 'cristian_xp', 'cristian.xp@email.com', '123456', 'usuario'),
(72, 'mirela_wave', 'mirela.wave@email.com', '123456', 'usuario'),
(73, 'ricardo_sync', 'ricardo.sync@email.com', '123456', 'usuario'),
(74, 'debora_pixel', 'debora.pixel@email.com', '123456', 'usuario'),
(75, 'tiago_frame', 'tiago.frame@email.com', '123456', 'usuario');

INSERT INTO tbl_usuarios (id, username, email, password, tipo) VALUES
(76, 'priscila_render', 'priscila.render@email.com', '123456', 'usuario'),
(77, 'jonas_respawn', 'jonas.respawn@email.com', '123456', 'usuario'),
(78, 'carla_loot', 'carla.loot@email.com', '123456', 'usuario'),
(79, 'fabio_quest', 'fabio.quest@email.com', '123456', 'usuario'),
(80, 'renata_drop', 'renata.drop@email.com', '123456', 'usuario'),
(81, 'wesley_skill', 'wesley.skill@email.com', '123456', 'usuario'),
(82, 'patricia_buff', 'patricia.buff@email.com', '123456', 'usuario'),
(83, 'allan_debuff', 'allan.debuff@email.com', '123456', 'usuario'),
(84, 'tatiane_tank', 'tatiane.tank@email.com', '123456', 'usuario'),
(85, 'cesar_healer', 'cesar.healer@email.com', '123456', 'usuario'),
(86, 'simone_mage', 'simone.mage@email.com', '123456', 'usuario'),
(87, 'julio_rogue', 'julio.rogue@email.com', '123456', 'usuario'),
(88, 'karina_archer', 'karina.archer@email.com', '123456', 'usuario'),
(89, 'paulo_paladin', 'paulo.paladin@email.com', '123456', 'usuario'),
(90, 'daniela_bard', 'daniela.bard@email.com', '123456', 'usuario'),
(91, 'leo_ranger', 'leo.ranger@email.com', '123456', 'usuario'),
(92, 'vanessa_druid', 'vanessa.druid@email.com', '123456', 'usuario'),
(93, 'roberto_warrior', 'roberto.warrior@email.com', '123456', 'usuario'),
(94, 'camila_priest', 'camila.priest@email.com', '123456', 'usuario'),
(95, 'edu_knight', 'edu.knight@email.com', '123456', 'usuario'),
(96, 'aline_hunter', 'aline.hunter@email.com', '123456', 'usuario'),
(97, 'gabriel_pro', 'gabriel.pro@email.com', '123456', 'usuario'),
(98, 'marina_master', 'marina.master@email.com', '123456', 'usuario'),
(99, 'rafael_elite', 'rafael.elite@email.com', '123456', 'usuario'),
(100, 'sofia_legend', 'sofia.legend@email.com', '123456', 'usuario');

INSERT INTO tbl_jogos (id, name, ano, imagem, desenvolvedor, descricao) VALUES
(1, 'Ultrakill', 2019, 'jogos/Ultrakill.jpeg', 'Arsi ''Hakita'' Patala', 'FPS retrô frenético que combina movimentação avançada, combate estiloso e pontuação inspirada em jogos de ação.'),

(2, 'Enter The Gungeon', 2016, 'jogos/Enter the Gungeon.jpeg', 'Dodge Roll', 'Roguelike de ação focado em tiroteios intensos, armas absurdas e exploração de masmorras geradas proceduralmente.'),

(3, 'Iron Lung', 2022, 'jogos/Iron Lung.jpeg', 'David Szymanski', 'Jogo de terror psicológico ambientado em um submarino explorando um oceano de sangue em um planeta desconhecido.'),

(4, 'DeltaRune', 2018, 'jogos/Deltarune.jpeg', 'Toby Fox', 'RPG episódico ambientado em um universo paralelo a Undertale, com personagens marcantes e combate único.'),

(5, 'Mullet Madjack', 2024, 'jogos/Mullet Madjack.jpeg', 'HAMMER95 Studios', 'FPS brasileiro extremamente veloz inspirado em animes dos anos 80 e jogos arcade.'),

(6, 'Dust: An Elysian Tail', 2012, 'jogos/Dust.jpeg', 'Dean Dodrill', 'Metroidvania com visual desenhado à mão, combate fluido e narrativa emocionante.'),

(7, 'Uktena 64', 2025, 'jogos/Uktena 64.jpeg', 'SeethingSwarm', 'Jogo de terror inspirado na estética do Nintendo 64 com foco em exploração e atmosfera.'),

(8, 'Hotline Miami', 2012, 'jogos/HM.jpeg', 'Dennaton Games', 'Jogo de ação ultraviolento com perspectiva superior, ritmo acelerado e trilha sonora eletrônica marcante.'),

(9, 'Gravity Circuit', 2023, 'jogos/Gravity Circuit.jpg', 'Domesticated Ant Games', 'Plataforma de ação inspirado em clássicos dos anos 90 com foco em combate corpo a corpo.'),

(10, 'Balatro', 2024, 'jogos/balatro.jpeg', 'LocalThunk', 'Roguelike de construção de baralhos baseado em pôquer, combinando estratégia e multiplicadores absurdos.');

INSERT INTO tbl_jogos (id, name, ano, nota, imagem, desenvolvedor, descricao) VALUES
(11, 'BALL X PIT', 2025, 4.5, 'jogos/Ball x pit.jpeg', 'Kenny Sun', 'Roguelike de ação que mistura mecânicas de breakout, construção de base e progressão permanente em partidas rápidas.'),

(12, 'Lost in Vivo', 2018, 4.1, 'jogos/Lost in Vivo.jpeg', 'KIRA', 'Jogo de terror psicológico em primeira pessoa focado em claustrofobia, exploração e atmosfera perturbadora.'),

(13, 'Super Galaxy Squadron EX Turbo', 2015, 3.7, 'jogos/Super Galaxy.jpeg', 'Syn9', 'Shoot ''em up inspirado em clássicos arcade com múltiplos pilotos, desafios intensos e progressão moderna.'),

(14, 'Mycopunk', 2025, 4.7, 'jogos/Mycopunk.jpeg', 'Pigeons at Play', 'FPS cooperativo focado em combate contra criaturas fúngicas, personalização de equipamentos e trabalho em equipe.'),

(15, 'Noita', 2020, 4.5, 'jogos/Noita_.jpg', 'Nolla Games', 'Roguelike de ação onde cada pixel é simulado fisicamente, permitindo interações criativas e destruição total do cenário.'),

(16, 'Amid Evil', 2018, 3.9, 'jogos/Amid Evil.jpeg', 'Indefatigable', 'Boomer shooter de fantasia inspirado em clássicos dos anos 90, com armas mágicas e movimentação veloz.'),

(17, 'A Wolf in Antumn', 2025, 3.6, 'jogos/A Wolf in Antumn.jpeg', 'Pacthesis Studio', 'Aventura narrativa independente focada em exploração, atmosfera melancólica e desenvolvimento de personagens.'),

(18, 'Chop Goblins', 2022, 4.8, 'jogos/Chop Goblins.jpeg', 'David Szymanski', 'FPS curto e acelerado onde goblins viajantes do tempo espalham caos através de diferentes períodos históricos.'),

(19, 'Cult of the Lamb', 2022, 4.5, 'jogos/Cult of The Lamb.jpeg', 'Massive Monster', 'Mistura de roguelike e gerenciamento de culto onde o jogador recruta seguidores e expande sua seita.'),

(20, 'Your Only Move is HUSTLE', 2022, 4.8, 'jogos/Yomi.jpeg', 'Ivy Sly', 'Jogo de luta baseado em turnos que simula combates de anime quadro a quadro com enorme profundidade estratégica.');

INSERT INTO tbl_jogos (id, name, ano, nota, imagem, desenvolvedor, descricao) VALUES
(21, 'My Friend Pedro', 2019, 4.2, 'jogos/My Friend Pedro.png', 'DeadToast Entertainment', 'Jogo de ação acrobática focado em tiroteios estilizados, parkour e combos cinematográficos.'),

(22, 'Lunacid', 2023, 4.7, 'jogos/Lunacid.jpeg', 'KIRA LLC', 'RPG de exploração em primeira pessoa inspirado nos clássicos King''s Field, com atmosfera sombria e progressão livre.'),

(23, 'Celeste', 2018, 4.6, 'jogos/Celeste.png', 'Extremely OK Games', 'Plataforma desafiadora que acompanha a jornada de Madeline enquanto enfrenta obstáculos físicos e emocionais.'),

(24, 'Animal Well', 2024, 4.9, 'jogos/Animal Well.jpeg', 'Shared Memory', 'Metroidvania focado em exploração, mistérios e quebra-cabeças, sem depender de combate tradicional.'),

(25, 'AntonBlast', 2024, 4.9, 'jogos/AntonBlast.jpeg', 'Summitsphere', 'Plataforma de ação frenético inspirado em Wario Land, com destruição de cenários e movimentação explosiva.'),

(26, 'Buckshot Roulette', 2023, 4.3, 'jogos/BuckShot.png', 'Mike Klubnika', 'Jogo de horror e estratégia que transforma a roleta russa em um confronto psicológico intenso.'),

(27, '9 Kings', 2024, 4.8, 'jogos/9Kings.jpg', 'Sad Socket', 'Roguelike estratégico de construção de reino onde diferentes reis competem pelo domínio do mapa.'),

(28, 'Arsonate', 2026, 4.5, 'jogos/Arsonate.png', 'Arsonate Team', 'Ação independente com foco em combate rápido, exploração e progressão baseada em habilidades.'),

(29, 'Exit The Gungeon', 2019, 4.4, 'jogos/Exit the Gungeon.jpeg', 'Dodge Roll', 'Spin-off de Enter the Gungeon que troca a exploração de masmorras por ação intensa em plataformas verticais.'),

(30, 'The Pony Factory', 2024, 3.9, 'jogos/Pony Factory.jpeg', 'David Szymanski', 'Jogo de terror independente com estética retrô e atmosfera perturbadora inspirada em creepypastas e horror analógico.');

INSERT INTO tbl_jogos (id, name, ano, nota, imagem, desenvolvedor, descricao) VALUES
(31, 'Deaths Door', 2021, 4.3, 'jogos/Deaths Door.jpeg', 'Acid Nerve', 'Aventura de ação isométrica onde um corvo ceifador enfrenta criaturas poderosas para coletar almas perdidas.'),

(32, 'Hotline Miami 2', 2015, 4.3, 'jogos/HM 2.jpeg', 'Dennaton Games', 'Sequência de Hotline Miami que amplia a narrativa, a violência estilizada e a complexidade dos confrontos.'),

(33, 'Fight Knight', 2021, 4.6, 'jogos/Fight Knight.png', 'Team Sorcerobe', 'Dungeon crawler em primeira pessoa focado exclusivamente em combate corpo a corpo rápido e responsivo.'),

(34, 'Dusk', 2018, 4.9, 'jogos/Dusk.jpg', 'David Szymanski', 'Boomer shooter inspirado em Quake e Doom, com ação intensa, fases elaboradas e atmosfera de horror rural.'),

(35, 'Faith', 2017, 4.0, 'jogos/Faith.jpeg', 'Airdorf Games', 'Jogo de terror inspirado em gráficos de Atari que explora exorcismos, cultos e fenômenos sobrenaturais.'),

(36, 'Gloomwood', 2022, 4.9, 'jogos/Gloomwood.jpeg', 'Dillon Rogers e David Szymanski', 'Immersive sim de horror stealth inspirado em Thief, com exploração aberta e múltiplas abordagens para cada situação.'),

(37, 'Inscryption', 2021, 4.7, 'jogos/Inscriptyon.jpeg', 'Daniel Mullins Games', 'Mistura de jogo de cartas, quebra-cabeças e horror psicológico repleta de mistérios e reviravoltas.'),

(38, 'Spooky Jump Scare Mansion', 2014, 4.7, 'jogos/Spooky Mansion.jpeg', 'Lag Studios', 'Jogo de terror que combina sustos aparentemente inocentes com ameaças cada vez mais perigosas e perturbadoras.'),

(39, 'Griss', 2018, 4.6, 'jogos/Griss.jpeg', 'Nomada Studio', 'Plataforma artístico focado em narrativa visual, exploração e representação emocional através de ambientes pintados à mão.'),

(40, 'Secret Aagent Wizard Boy and the International Crime Syndicate', 2025, 4.1, 'jogos/Wizard Agent.jpeg', 'The Secret Wizard Team', 'Aventura cômica que mistura espionagem, magia e exploração em um mundo repleto de organizações criminosas.'),

(41, 'Undertale', 2015, 4.4, 'jogos/Undertale.jpeg', 'Toby Fox', 'RPG independente onde as escolhas do jogador afetam profundamente a história, os personagens e o desfecho da aventura.'),

(42, 'Pseudoregalia', 2023, 4.8, 'jogos/Pseudoregalia.png', 'Rittzler', 'Metroidvania 3D focado em movimentação avançada, exploração livre e descoberta de habilidades.'),

(43, 'Squirrel Stapler', 2023, 4.1, 'jogos/Squirrel Stapler.jpeg', 'David Szymanski', 'Jogo de horror surreal onde o jogador caça esquilos para cumprir exigências cada vez mais perturbadoras.');

-- 3. Inserir as Plataformas do Jogo
INSERT INTO tbl_jogo_plataformas (jogo_id, plataformas) VALUES
(1, 'PC (Windows)'),

(2, 'PC (Windows)'),
(2, 'Nintendo Switch'),
(2, 'PlayStation 4'),
(2, 'Xbox One'),

(3, 'PC (Windows)'),

(4, 'PC (Windows)'),
(4, 'Nintendo Switch'),
(4, 'PlayStation 4'),
(4, 'PlayStation 5'),

(5, 'PC (Windows)'),

(6, 'PC (Windows)'),
(6, 'PlayStation 4'),
(6, 'Xbox One'),
(6, 'Nintendo Switch'),

(7, 'PC (Windows)'),

(8, 'PC (Windows)'),
(8, 'PlayStation 4'),
(8, 'PlayStation 3'),
(8, 'PlayStation Vita'),

(9, 'PC (Windows)'),
(9, 'Nintendo Switch'),
(9, 'PlayStation 4'),
(9, 'PlayStation 5'),
(9, 'Xbox One'),
(9, 'Xbox Series X/S'),

(10, 'PC (Windows)'),
(10, 'Nintendo Switch'),
(10, 'PlayStation 4'),
(10, 'PlayStation 5'),
(10, 'Xbox One'),
(10, 'Xbox Series X/S'),

(11, 'PC (Windows)'),

(12, 'PC (Windows)'),

(13, 'PC (Windows)'),

(14, 'PC (Windows)'),

(15, 'PC (Windows)'),

(16, 'PC (Windows)'),

(17, 'PC (Windows)'),

(18, 'PC (Windows)'),

(19, 'PC (Windows)'),
(19, 'Nintendo Switch'),
(19, 'PlayStation 4'),
(19, 'PlayStation 5'),
(19, 'Xbox One'),
(19, 'Xbox Series X/S'),

(20, 'PC (Windows)'),

(21, 'PC (Windows)'),
(21, 'Nintendo Switch'),
(21, 'PlayStation 4'),
(21, 'Xbox One'),

(22, 'PC (Windows)'),

(23, 'PC (Windows)'),
(23, 'Nintendo Switch'),
(23, 'PlayStation 4'),
(23, 'PlayStation 5'),
(23, 'Xbox One'),
(23, 'Xbox Series X/S'),

(24, 'PC (Windows)'),
(24, 'Nintendo Switch'),
(24, 'PlayStation 5'),
(24, 'Xbox Series X/S'),

(25, 'PC (Windows)'),
(25, 'Nintendo Switch'),

(26, 'PC (Windows)'),

(27, 'PC (Windows)'),

(28, 'PC (Windows)'),

(29, 'PC (Windows)'),
(29, 'Nintendo Switch'),
(29, 'PlayStation 4'),
(29, 'Xbox One'),

(30, 'PC (Windows)'),

(31, 'PC (Windows)'),
(31, 'Nintendo Switch'),
(31, 'PlayStation 4'),
(31, 'PlayStation 5'),
(31, 'Xbox One'),
(31, 'Xbox Series X/S'),

(32, 'PC (Windows)'),

(33, 'PC (Windows)'),

(34, 'PC (Windows)'),
(34, 'Nintendo Switch'),

(35, 'PC (Windows)'),
(35, 'Nintendo Switch'),
(35, 'PlayStation 4'),

(36, 'PC (Windows)'),

(37, 'PC (Windows)'),
(37, 'Nintendo Switch'),
(37, 'PlayStation 4'),
(37, 'PlayStation 5'),
(37, 'Xbox One'),
(37, 'Xbox Series X/S'),

(38, 'PC (Windows)'),

(39, 'PC (Windows)'),
(39, 'Nintendo Switch'),
(39, 'PlayStation 4'),
(39, 'Xbox One'),

(40, 'PC (Windows)'),

(41, 'PC (Windows)'),
(41, 'Nintendo Switch'),
(41, 'PlayStation 4'),
(41, 'Xbox One'),

(42, 'PC (Windows)'),

(43, 'PC (Windows)');

-- 4. Inserir os Gêneros do Jogo
INSERT INTO tbl_jogo_generos (jogo_id, generos) VALUES
(1, 'FPS'),
(1, 'Boomer Shooter'),
(1, 'Ação'),

(2, 'Roguelike'),
(2, 'Bullet Hell'),
(2, 'Ação'),

(3, 'Terror'),
(3, 'Psicológico'),
(3, 'Exploração'),

(4, 'RPG'),
(4, 'Aventura'),
(4, 'Indie'),

(5, 'FPS'),
(5, 'Boomer Shooter'),
(5, 'Ação'),

(6, 'Metroidvania'),
(6, 'Ação'),
(6, 'RPG'),

(7, 'Terror'),
(7, 'Exploração'),
(7, 'Indie'),

(8, 'Ação'),
(8, 'Shooter'),
(8, 'Top-Down'),

(9, 'Plataforma'),
(9, 'Ação'),
(9, 'Metroidvania'),

(10, 'Roguelike'),
(10, 'Cartas'),
(10, 'Estratégia'),

(11, 'Roguelike'),
(11, 'Ação'),
(11, 'Arcade'),

(12, 'Terror'),
(12, 'Psicológico'),
(12, 'Sobrevivência'),

(13, 'Shoot ''em Up'),
(13, 'Arcade'),
(13, 'Ação'),

(14, 'FPS'),
(14, 'Cooperativo'),
(14, 'Ação'),

(15, 'Roguelike'),
(15, 'Sandbox'),
(15, 'Ação'),

(16, 'FPS'),
(16, 'Boomer Shooter'),
(16, 'Fantasia'),

(17, 'Aventura'),
(17, 'Narrativo'),
(17, 'Indie'),

(18, 'FPS'),
(18, 'Boomer Shooter'),
(18, 'Ação'),

(19, 'Roguelike'),
(19, 'Gerenciamento'),
(19, 'Ação'),

(20, 'Luta'),
(20, 'Estratégia'),
(20, 'Multijogador'),

(21, 'Ação'),
(21, 'Plataforma'),
(21, 'Shooter'),

(22, 'RPG'),
(22, 'Dungeon Crawler'),
(22, 'Exploração'),

(23, 'Plataforma'),
(23, 'Precision Platformer'),
(23, 'Indie'),

(24, 'Metroidvania'),
(24, 'Exploração'),
(24, 'Puzzle'),

(25, 'Plataforma'),
(25, 'Ação'),
(25, 'Arcade'),

(26, 'Terror'),
(26, 'Estratégia'),
(26, 'Indie'),

(27, 'Roguelike'),
(27, 'Estratégia'),
(27, 'Construção'),

(28, 'Ação'),
(28, 'Roguelike'),
(28, 'Indie'),

(29, 'Roguelike'),
(29, 'Plataforma'),
(29, 'Ação'),

(30, 'Terror'),
(30, 'Psicológico'),
(30, 'Indie'),

(31, 'Ação'),
(31, 'Aventura'),
(31, 'Soulslike'),

(32, 'Ação'),
(32, 'Shooter'),
(32, 'Top-Down'),

(33, 'Dungeon Crawler'),
(33, 'Ação'),
(33, 'RPG'),

(34, 'FPS'),
(34, 'Boomer Shooter'),
(34, 'Ação'),

(35, 'Terror'),
(35, 'Psicológico'),
(35, 'Sobrevivência'),

(36, 'Stealth'),
(36, 'Immersive Sim'),
(36, 'Terror'),

(37, 'Cartas'),
(37, 'Roguelike'),
(37, 'Terror'),

(38, 'Terror'),
(38, 'Sobrevivência'),
(38, 'Exploração'),

(39, 'Plataforma'),
(39, 'Aventura'),
(39, 'Puzzle'),

(40, 'Aventura'),
(40, 'Comédia'),
(40, 'Exploração'),

(41, 'RPG'),
(41, 'Narrativo'),
(41, 'Indie'),

(42, 'Metroidvania'),
(42, 'Plataforma 3D'),
(42, 'Exploração'),

(43, 'Terror'),
(43, 'Caça'),
(43, 'Psicológico');


INSERT INTO tbl_resenhas (id, usuario_id, jogo_id, nota, conteudo, data) VALUES
(1, 17, 1, 5, 'Um dos FPS mais rápidos e satisfatórios que já joguei. O sistema de movimentação incentiva dominar cada fase.', '2025-06-12'),

(2, 42, 2, 5, 'Excelente roguelike. A variedade de armas e a rejogabilidade são absurdas.', '2025-06-13'),

(3, 8, 3, 4, 'Atmosfera extremamente desconfortável. Consegue gerar tensão mesmo com mecânicas simples.', '2025-06-14'),

(4, 65, 4, 5, 'Personagens memoráveis e uma trilha sonora fantástica. Ansioso pelos próximos capítulos.', '2025-06-15'),

(5, 23, 5, 5, 'FPS frenético e estiloso. Cada fase parece uma corrida contra o relógio.', '2025-06-16'),

(6, 91, 6, 4, 'Visual bonito e combate divertido. A história também surpreende positivamente.', '2025-06-17'),

(7, 37, 7, 3, 'Boa ambientação retrô. Ainda tem espaço para evoluir, mas a proposta é interessante.', '2025-06-18'),

(8, 54, 8, 5, 'Trilha sonora perfeita e gameplay viciante. Um clássico indie.', '2025-06-19'),

(9, 12, 9, 4, 'Movimentação fluida e chefes bem construídos. Excelente homenagem aos jogos clássicos.', '2025-06-20'),

(10, 88, 10, 4, 'Uma ideia simples executada de forma brilhante. Sempre dá vontade de jogar mais uma partida.', '2025-06-21'),

(11, 31, 11, 4, 'Mistura interessante de gêneros. Tem potencial para crescer bastante.', '2025-06-22'),

(12, 76, 12, 3, 'O clima de terror funciona muito bem, embora alguns momentos sejam confusos.', '2025-06-23'),

(13, 4, 13, 3, 'Shooter sólido com bastante conteúdo, mas não se destaca tanto quanto outros do gênero.', '2025-06-24'),

(14, 59, 14, 5, 'Combate cooperativo divertido e ótima direção artística.', '2025-06-25'),

(15, 27, 15, 5, 'Um dos roguelikes mais criativos já feitos. As possibilidades são praticamente infinitas.', '2025-06-26');

INSERT INTO tbl_resenhas (id, usuario_id, jogo_id, nota, conteudo, data) VALUES
(16, 44, 16, 4, 'Visual incrível e combate muito satisfatório. Uma ótima homenagem aos shooters clássicos.', '2025-06-27'),

(17, 73, 17, 3, 'História interessante e atmosfera agradável, mas o ritmo poderia ser melhor.', '2025-06-28'),

(18, 11, 18, 5, 'Curto, divertido e cheio de personalidade. Vale cada minuto.', '2025-06-29'),

(19, 95, 19, 4, 'A mistura de gerenciamento e roguelike funciona melhor do que eu esperava.', '2025-06-30'),

(20, 29, 20, 5, 'Sistema de combate extremamente profundo. Cada luta parece uma partida de xadrez.', '2025-07-01'),

(21, 67, 21, 4, 'Gameplay estiloso e muito divertido. As acrobacias deixam tudo mais dinâmico.', '2025-07-02'),

(22, 38, 22, 5, 'Exploração recompensadora e atmosfera fantástica. Um prato cheio para fãs de RPGs antigos.', '2025-07-03'),

(23, 81, 23, 5, 'Desafiador na medida certa e com uma mensagem muito inspiradora.', '2025-07-04'),

(24, 6, 24, 5, 'Cheio de segredos e descobertas. Um dos jogos mais criativos dos últimos anos.', '2025-07-05'),

(25, 52, 25, 4, 'Movimentação excelente e fases muito divertidas. Captura bem a energia dos clássicos.', '2025-07-06'),

(26, 19, 26, 4, 'Conceito simples, mas extremamente eficaz. A tensão é constante.', '2025-07-07'),

(27, 84, 27, 5, 'Ótimo sistema estratégico e bastante variedade entre partidas.', '2025-07-08'),

(28, 34, 28, 3, 'Boa base para um jogo promissor. Ainda precisa de mais conteúdo.', '2025-07-09'),

(29, 97, 29, 4, 'Uma abordagem diferente para a fórmula de Enter the Gungeon que funciona muito bem.', '2025-07-10'),

(30, 15, 30, 2, 'A ambientação é interessante, mas o jogo não conseguiu me prender por muito tempo.', '2025-07-11');

INSERT INTO tbl_resenhas (id, usuario_id, jogo_id, nota, conteudo, data) VALUES
(31, 63, 31, 4, 'Combate divertido, exploração recompensadora e chefes memoráveis. Uma excelente aventura.', '2025-07-12'),

(32, 22, 32, 4, 'Mais difícil e caótico que o primeiro jogo, com uma narrativa surpreendentemente interessante.', '2025-07-13'),

(33, 71, 33, 5, 'Combate corpo a corpo extremamente satisfatório. Cada andar apresenta um desafio único.', '2025-07-14'),

(34, 13, 34, 5, 'Um dos melhores boomer shooters já feitos. Ritmo excelente do início ao fim.', '2025-07-15'),

(35, 56, 35, 4, 'Visual simples, mas muito eficaz para criar tensão e desconforto.', '2025-07-16'),

(36, 90, 36, 5, 'Atmosfera fantástica e liberdade para abordar objetivos de diferentes formas.', '2025-07-17'),

(37, 47, 37, 5, 'Mistura gêneros de forma brilhante. Cada nova descoberta deixa a experiência mais interessante.', '2025-07-18'),

(38, 5, 38, 4, 'Começa parecendo um jogo inocente, mas evolui para algo muito mais assustador.', '2025-07-19'),

(39, 78, 39, 5, 'Visual deslumbrante e trilha sonora emocionante. Uma experiência artística memorável.', '2025-07-20'),

(40, 26, 40, 3, 'Ideias criativas e humor divertido, embora ainda precise de mais conteúdo.', '2025-07-21'),

(41, 100, 41, 5, 'Personagens inesquecíveis e uma narrativa que recompensa cada escolha do jogador.', '2025-07-22'),

(42, 40, 42, 5, 'Movimentação excelente e exploração extremamente satisfatória para quem gosta de segredos.', '2025-07-23'),

(43, 68, 43, 4, 'Estranho, perturbador e memorável. Uma experiência de horror bastante única.', '2025-07-24');
-- 6. Inserir os Comentários usando 'resenha_id' e vinculando à resenha ID 10
INSERT INTO tbl_comentarios (id, usuario_id, resenha_id, texto, data) VALUES
(101, 32, 1, 'Concordo totalmente. A movimentação é o ponto mais forte do jogo.', '2025-07-25'),
(102, 58, 1, 'Depois que aprendi os combos o jogo ficou ainda melhor.', '2025-07-25'),

(103, 14, 3, 'A atmosfera realmente é muito pesada e desconfortável.', '2025-07-25'),
(104, 87, 3, 'Um dos jogos de terror mais criativos que joguei recentemente.', '2025-07-25'),

(105, 45, 5, 'A trilha sonora combina perfeitamente com a velocidade do gameplay.', '2025-07-26'),
(106, 72, 5, 'Conseguiu me prender por horas tentando melhorar meus tempos.', '2025-07-26'),

(107, 21, 8, 'Hotline Miami nunca envelhece.', '2025-07-26'),
(108, 93, 8, 'A música e a ação são simplesmente perfeitas.', '2025-07-26'),

(109, 39, 10, 'Balatro virou meu vício mais recente.', '2025-07-27'),
(110, 66, 10, 'Sempre acho que vou jogar só uma partida e acabo ficando horas.', '2025-07-27'),

(111, 18, 12, 'A ambientação compensa algumas limitações técnicas.', '2025-07-27'),
(112, 52, 12, 'Também fiquei perdido em alguns momentos da campanha.', '2025-07-27'),

(113, 75, 15, 'Noita é um caos completo da melhor forma possível.', '2025-07-28'),
(114, 7, 15, 'Cada partida gera histórias completamente diferentes.', '2025-07-28'),

(115, 84, 19, 'A parte de gerenciamento me surpreendeu bastante.', '2025-07-28'),
(116, 30, 19, 'Achei o equilíbrio entre combate e administração muito bom.', '2025-07-28'),

(117, 55, 23, 'Celeste é um dos melhores jogos independentes já feitos.', '2025-07-29'),
(118, 90, 23, 'A curva de aprendizado é excelente.', '2025-07-29'),

(119, 11, 27, 'A variedade estratégica realmente faz diferença entre partidas.', '2025-07-29'),
(120, 43, 27, 'Espero que receba ainda mais atualizações.', '2025-07-29'),

(121, 61, 31, 'Os chefes foram o ponto alto para mim.', '2025-07-30'),
(122, 97, 31, 'A direção artística também merece elogios.', '2025-07-30'),

(123, 28, 34, 'Dusk é uma aula de design para FPS modernos.', '2025-07-30'),
(124, 76, 34, 'Concordo, o ritmo das fases é excelente.', '2025-07-30'),

(125, 36, 37, 'Inscryption foi uma das maiores surpresas que já tive jogando.', '2025-07-31'),
(126, 69, 37, 'Quanto menos se sabe sobre ele antes de jogar, melhor.', '2025-07-31'),

(127, 24, 41, 'Undertale continua sendo uma experiência única.', '2025-07-31'),
(128, 88, 41, 'Os personagens são impossíveis de esquecer.', '2025-07-31');

INSERT INTO tbl_precos
(nome, logo, preco, preco_original, desconto, link, melhor_preco, jogo_id)
VALUES

-- Ultrakill
('Steam','lojas/steam.png','R$ 46,49','R$ 61,99',25,'https://store.steampowered.com/app/1229490',FALSE,1),
('Nuuvem','lojas/nuuvem.png','R$ 42,99','R$ 61,99',31,'https://www.nuuvem.com',TRUE,1),
('Fanatical','lojas/fanatical.png','R$ 44,99','R$ 61,99',27,'https://www.fanatical.com',FALSE,1),

-- Enter the Gungeon
('Steam','lojas/steam.png','R$ 36,99','R$ 36,99',0,'https://store.steampowered.com/app/311690',FALSE,2),
('Nuuvem','lojas/nuuvem.png','R$ 33,99','R$ 36,99',8,'https://www.nuuvem.com',TRUE,2),
('Fanatical','lojas/fanatical.png','R$ 35,49','R$ 36,99',4,'https://www.fanatical.com',FALSE,2),

-- Iron Lung
('Steam','lojas/steam.png','R$ 28,99','R$ 28,99',0,'https://store.steampowered.com',TRUE,3),
('Fanatical','lojas/fanatical.png','R$ 27,49','R$ 28,99',5,'https://www.fanatical.com',FALSE,3),

-- Deltarune
('Steam','lojas/steam.png','Gratuito',NULL,NULL,'https://store.steampowered.com',TRUE,4),

-- Mullet Madjack
('Steam','lojas/steam.png','R$ 59,99','R$ 79,99',25,'https://store.steampowered.com',FALSE,5),
('Nuuvem','lojas/nuuvem.png','R$ 54,99','R$ 79,99',31,'https://www.nuuvem.com',TRUE,5),

-- Dust
('Steam','lojas/steam.png','R$ 37,99','R$ 37,99',0,'https://store.steampowered.com',FALSE,6),
('Fanatical','lojas/fanatical.png','R$ 35,99','R$ 37,99',5,'https://www.fanatical.com',TRUE,6),

-- Uktena 64
('Steam','lojas/steam.png','R$ 24,99','R$ 24,99',0,'https://store.steampowered.com',TRUE,7),

-- Hotline Miami
('Steam','lojas/steam.png','R$ 18,49','R$ 36,99',50,'https://store.steampowered.com',FALSE,8),
('Nuuvem','lojas/nuuvem.png','R$ 16,99','R$ 36,99',54,'https://www.nuuvem.com',TRUE,8),

-- Gravity Circuit
('Steam','lojas/steam.png','R$ 54,99','R$ 54,99',0,'https://store.steampowered.com',FALSE,9),
('Fanatical','lojas/fanatical.png','R$ 49,99','R$ 54,99',9,'https://www.fanatical.com',TRUE,9),

-- Balatro
('Steam','lojas/steam.png','R$ 44,99','R$ 44,99',0,'https://store.steampowered.com',FALSE,10),
('Nuuvem','lojas/nuuvem.png','R$ 41,99','R$ 44,99',7,'https://www.nuuvem.com',TRUE,10),

-- BALL X PIT
('Steam','lojas/steam.png','R$ 59,99','R$ 59,99',0,'https://store.steampowered.com',TRUE,11),

-- Lost in Vivo
('Steam','lojas/steam.png','R$ 28,99','R$ 28,99',0,'https://store.steampowered.com',FALSE,12),
('Fanatical','lojas/fanatical.png','R$ 26,99','R$ 28,99',7,'https://www.fanatical.com',TRUE,12),

-- Super Galaxy Squadron
('Steam','lojas/steam.png','R$ 20,69','R$ 68,99',70,'https://store.steampowered.com',TRUE,13),

-- Mycopunk
('Steam','lojas/steam.png','R$ 73,99','R$ 73,99',0,'https://store.steampowered.com',FALSE,14),
('Nuuvem','lojas/nuuvem.png','R$ 69,99','R$ 73,99',5,'https://www.nuuvem.com',TRUE,14),

-- Noita
('Steam','lojas/steam.png','R$ 73,99','R$ 73,99',0,'https://store.steampowered.com',FALSE,15),
('Fanatical','lojas/fanatical.png','R$ 69,99','R$ 73,99',5,'https://www.fanatical.com',TRUE,15),

-- Amid Evil
('Steam','lojas/steam.png','R$ 61,99','R$ 61,99',0,'https://store.steampowered.com',FALSE,16),
('Nuuvem','lojas/nuuvem.png','R$ 57,99','R$ 61,99',6,'https://www.nuuvem.com',TRUE,16),

-- A Wolf in Autumn
('Steam','lojas/steam.png','R$ 39,99','R$ 39,99',0,'https://store.steampowered.com',TRUE,17),

-- Chop Goblins
('Steam','lojas/steam.png','R$ 28,99','R$ 28,99',0,'https://store.steampowered.com',FALSE,18),
('Fanatical','lojas/fanatical.png','R$ 25,99','R$ 28,99',10,'https://www.fanatical.com',TRUE,18),

-- Cult of the Lamb
('Steam','lojas/steam.png','R$ 73,99','R$ 92,49',20,'https://store.steampowered.com',FALSE,19),
('Nuuvem','lojas/nuuvem.png','R$ 69,99','R$ 92,49',24,'https://www.nuuvem.com',TRUE,19),

-- Your Only Move is HUSTLE
('Steam','lojas/steam.png','R$ 28,99','R$ 28,99',0,'https://store.steampowered.com',TRUE,20),

-- My Friend Pedro
('Steam','lojas/steam.png','R$ 36,99','R$ 36,99',0,'https://store.steampowered.com',FALSE,21),
('Fanatical','lojas/fanatical.png','R$ 32,99','R$ 36,99',11,'https://www.fanatical.com',TRUE,21),

-- Lunacid
('Steam','lojas/steam.png','R$ 46,49','R$ 61,99',25,'https://store.steampowered.com',FALSE,22),
('Nuuvem','lojas/nuuvem.png','R$ 44,99','R$ 61,99',27,'https://www.nuuvem.com',TRUE,22),

-- Celeste
('Steam','lojas/steam.png','R$ 36,99','R$ 92,49',60,'https://store.steampowered.com',FALSE,23),
('Fanatical','lojas/fanatical.png','R$ 34,99','R$ 92,49',62,'https://www.fanatical.com',TRUE,23),

-- Animal Well
('Steam','lojas/steam.png','R$ 73,99','R$ 73,99',0,'https://store.steampowered.com',TRUE,24),

-- AntonBlast
('Steam','lojas/steam.png','R$ 61,99','R$ 61,99',0,'https://store.steampowered.com',FALSE,25),
('Nuuvem','lojas/nuuvem.png','R$ 58,99','R$ 61,99',5,'https://www.nuuvem.com',TRUE,25),

-- Buckshot Roulette
('Steam','lojas/steam.png','R$ 17,99','R$ 23,99',25,'https://store.steampowered.com',FALSE,26),
('Fanatical','lojas/fanatical.png','R$ 16,99','R$ 23,99',29,'https://www.fanatical.com',TRUE,26),

-- 9 Kings
('Steam','lojas/steam.png','R$ 39,99','R$ 39,99',0,'https://store.steampowered.com',TRUE,27),

-- Arsonate
('Steam','lojas/steam.png','R$ 59,99','R$ 59,99',0,'https://store.steampowered.com',TRUE,28),

-- Exit the Gungeon
('Steam','lojas/steam.png','R$ 28,99','R$ 36,99',22,'https://store.steampowered.com',FALSE,29),
('Nuuvem','lojas/nuuvem.png','R$ 25,99','R$ 36,99',30,'https://www.nuuvem.com',TRUE,29),

-- Jogos 30 ao 43 (mesmo padrão)
('Steam','lojas/steam.png','R$ 32,99','R$ 32,99',0,'https://store.steampowered.com',TRUE,30),
('Steam','lojas/steam.png','R$ 73,99','R$ 92,49',20,'https://store.steampowered.com',FALSE,31),
('Nuuvem','lojas/nuuvem.png','R$ 69,99','R$ 92,49',24,'https://www.nuuvem.com',TRUE,31),
('Steam','lojas/steam.png','R$ 18,49','R$ 36,99',50,'https://store.steampowered.com',TRUE,32),
('Steam','lojas/steam.png','R$ 46,49','R$ 61,99',25,'https://store.steampowered.com',TRUE,33),
('Steam','lojas/steam.png','R$ 73,99','R$ 73,99',0,'https://store.steampowered.com',TRUE,34),
('Steam','lojas/steam.png','R$ 28,99','R$ 28,99',0,'https://store.steampowered.com',TRUE,35),
('Steam','lojas/steam.png','R$ 92,49','R$ 92,49',0,'https://store.steampowered.com',FALSE,36),
('Fanatical','lojas/fanatical.png','R$ 87,99','R$ 92,49',5,'https://www.fanatical.com',TRUE,36),
('Steam','lojas/steam.png','R$ 73,99','R$ 92,49',20,'https://store.steampowered.com',FALSE,37),
('Nuuvem','lojas/nuuvem.png','R$ 69,99','R$ 92,49',24,'https://www.nuuvem.com',TRUE,37),
('Steam','lojas/steam.png','Gratuito',NULL,NULL,'https://store.steampowered.com',TRUE,38),
('Steam','lojas/steam.png','R$ 61,99','R$ 61,99',0,'https://store.steampowered.com',FALSE,39),
('Fanatical','lojas/fanatical.png','R$ 58,99','R$ 61,99',5,'https://www.fanatical.com',TRUE,39),
('Steam','lojas/steam.png','R$ 59,99','R$ 59,99',0,'https://store.steampowered.com',TRUE,40),
('Steam','lojas/steam.png','R$ 19,99','R$ 19,99',0,'https://store.steampowered.com',TRUE,41),
('Steam','lojas/steam.png','R$ 46,49','R$ 61,99',25,'https://store.steampowered.com',FALSE,42),
('Nuuvem','lojas/nuuvem.png','R$ 43,99','R$ 61,99',29,'https://www.nuuvem.com',TRUE,42),
('Steam','lojas/steam.png','R$ 17,99','R$ 17,99',0,'https://store.steampowered.com',TRUE,43);